<Objs Version="1.1.0.1" xmlns="http://schemas.microsoft.com/powershell/2004/04">
  <Obj RefId="0">
    <TN RefId="0">
      <T>Microsoft.PowerShell.Commands.PSRepositoryItemInfo</T>
      <T>System.Management.Automation.PSCustomObject</T>
      <T>System.Object</T>
    </TN>
    <MS>
      <S N="Name">xNetworking</S>
      <Version N="Version">5.7.0.0</Version>
      <S N="Type">Module</S>
      <S N="Description">Module with DSC Resources for Networking area</S>
      <S N="Author">Microsoft Corporation</S>
      <S N="CompanyName">PowerShellTeam</S>
      <S N="Copyright">(c) 2017 Microsoft Corporation. All rights reserved.</S>
      <DT N="PublishedDate">2018-05-03T00:04:14-06:00</DT>
      <Obj N="InstalledDate" RefId="1">
        <DT>2023-12-29T12:41:20.7326275-07:00</DT>
        <MS>
          <Obj N="DisplayHint" RefId="2">
            <TN RefId="1">
              <T>Microsoft.PowerShell.Commands.DisplayHintType</T>
              <T>System.Enum</T>
              <T>System.ValueType</T>
              <T>System.Object</T>
            </TN>
            <ToString>DateTime</ToString>
            <I32>2</I32>
          </Obj>
        </MS>
      </Obj>
      <Nil N="UpdatedDate" />
      <URI N="LicenseUri">https://github.com/PowerShell/xNetworking/blob/master/LICENSE</URI>
      <URI N="ProjectUri">https://github.com/PowerShell/xNetworking</URI>
      <Nil N="IconUri" />
      <Obj N="Tags" RefId="3">
        <TN RefId="2">
          <T>System.Object[]</T>
          <T>System.Array</T>
          <T>System.Object</T>
        </TN>
        <LST>
          <S>DesiredStateConfiguration</S>
          <S>DSC</S>
          <S>DSCResourceKit</S>
          <S>DSCResource</S>
          <S>PSModule</S>
        </LST>
      </Obj>
      <Obj N="Includes" RefId="4">
        <TN RefId="3">
          <T>System.Collections.Hashtable</T>
          <T>System.Object</T>
        </TN>
        <DCT>
          <En>
            <S N="Key">Command</S>
            <Obj N="Value" RefId="5">
              <TNRef RefId="2" />
              <LST />
            </Obj>
          </En>
          <En>
            <S N="Key">Workflow</S>
            <Ref N="Value" RefId="5" />
          </En>
          <En>
            <S N="Key">DscResource</S>
            <Obj N="Value" RefId="6">
              <TNRef RefId="2" />
              <LST>
                <S>xDefaultGatewayAddress</S>
                <S>xDHCPClient</S>
                <S>xDnsClientGlobalSetting</S>
                <S>xDnsConnectionSuffix</S>
                <S>xDNSServerAddress</S>
                <S>xFirewall</S>
                <S>xFirewallProfile</S>
                <S>xHostsFile</S>
                <S>xIPAddress</S>
                <S>xIPAddressOption</S>
                <S>xNetAdapterAdvancedProperty</S>
                <S>xNetAdapterBinding</S>
                <S>xNetAdapterLso</S>
                <S>xNetAdapterName</S>
                <S>xNetAdapterRDMA</S>
                <S>xNetAdapterRsc</S>
                <S>xNetAdapterRss</S>
                <S>xNetBIOS</S>
                <S>xNetConnectionProfile</S>
                <S>xNetworkTeam</S>
                <S>xNetworkTeamInterface</S>
                <S>xProxySettings</S>
                <S>xRoute</S>
                <S>xWeakHostReceive</S>
                <S>xWeakHostSend</S>
                <S>xWINSSetting</S>
              </LST>
            </Obj>
          </En>
          <En>
            <S N="Key">Cmdlet</S>
            <Ref N="Value" RefId="5" />
          </En>
          <En>
            <S N="Key">RoleCapability</S>
            <Ref N="Value" RefId="5" />
          </En>
          <En>
            <S N="Key">Function</S>
            <Ref N="Value" RefId="5" />
          </En>
        </DCT>
      </Obj>
      <Nil N="PowerShellGetFormatVersion" />
      <S N="ReleaseNotes">- Enabled PSSA rule violations to fail build - Fixes [Issue 320](https://github.com/PowerShell/xNetworking/issues/320)._x000D__x000A_- MSFT_x005F_xNetAdapterAdvancedProperty:_x000D__x000A_  - Enabled setting the same property on multiple network_x000D__x000A_    adapters - Fixes [issue 324](https://github.com/PowerShell/xNetworking/issues/324).</S>
      <Obj N="Dependencies" RefId="7">
        <TNRef RefId="2" />
        <LST />
      </Obj>
      <S N="RepositorySourceLocation">https://www.powershellgallery.com/api/v2</S>
      <S N="Repository">PSGallery</S>
      <S N="PackageManagementProvider">NuGet</S>
      <Obj N="AdditionalMetadata" RefId="8">
        <TN RefId="4">
          <T>System.Management.Automation.PSCustomObject</T>
          <T>System.Object</T>
        </TN>
        <MS>
          <S N="copyright">(c) 2017 Microsoft Corporation. All rights reserved.</S>
          <S N="description">Module with DSC Resources for Networking area</S>
          <S N="requireLicenseAcceptance">True</S>
          <S N="releaseNotes">- Enabled PSSA rule violations to fail build - Fixes [Issue 320](https://github.com/PowerShell/xNetworking/issues/320)._x000D__x000A_- MSFT_x005F_xNetAdapterAdvancedProperty:_x000D__x000A_  - Enabled setting the same property on multiple network_x000D__x000A_    adapters - Fixes [issue 324](https://github.com/PowerShell/xNetworking/issues/324).</S>
          <S N="isLatestVersion">True</S>
          <S N="isAbsoluteLatestVersion">True</S>
          <S N="versionDownloadCount">2782537</S>
          <S N="downloadCount">3184281</S>
          <S N="packageSize">128993</S>
          <S N="published">5/3/2018 12:04:14 AM -06:00</S>
          <S N="created">5/3/2018 12:04:14 AM -06:00</S>
          <S N="lastUpdated">12/29/2023 7:31:17 PM -07:00</S>
          <S N="tags">DesiredStateConfiguration DSC DSCResourceKit DSCResource PSModule PSDscResource_x005F_xDefaultGatewayAddress PSDscResource_x005F_xDHCPClient PSDscResource_x005F_xDnsClientGlobalSetting PSDscResource_x005F_xDnsConnectionSuffix PSDscResource_x005F_xDNSServerAddress PSDscResource_x005F_xFirewall PSDscResource_x005F_xFirewallProfile PSDscResource_x005F_xHostsFile PSDscResource_x005F_xIPAddress PSDscResource_x005F_xIPAddressOption PSDscResource_x005F_xNetAdapterAdvancedProperty PSDscResource_x005F_xNetAdapterBinding PSDscResource_x005F_xNetAdapterLso PSDscResource_x005F_xNetAdapterName PSDscResource_x005F_xNetAdapterRDMA PSDscResource_x005F_xNetAdapterRsc PSDscResource_x005F_xNetAdapterRss PSDscResource_x005F_xNetBIOS PSDscResource_x005F_xNetConnectionProfile PSDscResource_x005F_xNetworkTeam PSDscResource_x005F_xNetworkTeamInterface PSDscResource_x005F_xProxySettings PSDscResource_x005F_xRoute PSDscResource_x005F_xWeakHostReceive PSDscResource_x005F_xWeakHostSend PSDscResource_x005F_xWINSSetting PSIncludes_DscResource</S>
          <S N="developmentDependency">False</S>
          <S N="updated">2023-12-29T19:31:17Z</S>
          <S N="NormalizedVersion">5.7.0</S>
          <S N="Authors">Microsoft Corporation</S>
          <S N="IsPrerelease">false</S>
          <S N="ItemType">Module</S>
          <S N="FileList">xNetworking.nuspec|xNetworking.psd1|DSCResources\MSFT_x005F_xDefaultGatewayAddress\MSFT_x005F_xDefaultGatewayAddress.psm1|DSCResources\MSFT_x005F_xDefaultGatewayAddress\MSFT_x005F_xDefaultGatewayAddress.schema.mof|DSCResources\MSFT_x005F_xDefaultGatewayAddress\README.md|DSCResources\MSFT_x005F_xDefaultGatewayAddress\en-US\MSFT_x005F_xDefaultGatewayAddress.strings.psd1|DSCResources\MSFT_x005F_xDhcpClient\MSFT_x005F_xDhcpClient.psm1|DSCResources\MSFT_x005F_xDhcpClient\MSFT_x005F_xDhcpClient.schema.mof|DSCResources\MSFT_x005F_xDhcpClient\README.md|DSCResources\MSFT_x005F_xDhcpClient\en-US\MSFT_x005F_xDhcpClient.strings.psd1|DSCResources\MSFT_x005F_xDnsClientGlobalSetting\MSFT_x005F_xDnsClientGlobalSetting.data.psd1|DSCResources\MSFT_x005F_xDnsClientGlobalSetting\MSFT_x005F_xDnsClientGlobalSetting.psm1|DSCResources\MSFT_x005F_xDnsClientGlobalSetting\MSFT_x005F_xDnsClientGlobalSetting.schema.mof|DSCResources\MSFT_x005F_xDnsClientGlobalSetting\README.MD|DSCResources\MSFT_x005F_xDnsClientGlobalSetting\en-US\MSFT_x005F_xDnsClientGlobalSetting.strings.psd1|DSCResources\MSFT_x005F_xDnsConnectionSuffix\MSFT_x005F_xDnsConnectionSuffix.psm1|DSCResources\MSFT_x005F_xDnsConnectionSuffix\MSFT_x005F_xDnsConnectionSuffix.schema.mof|DSCResources\MSFT_x005F_xDnsConnectionSuffix\README.MD|DSCResources\MSFT_x005F_xDnsConnectionSuffix\en-US\MSFT_x005F_xDnsConnectionSuffix.strings.psd1|DSCResources\MSFT_x005F_xDNSServerAddress\MSFT_x005F_xDNSServerAddress.psm1|DSCResources\MSFT_x005F_xDNSServerAddress\MSFT_x005F_xDNSServerAddress.schema.mof|DSCResources\MSFT_x005F_xDNSServerAddress\README.MD|DSCResources\MSFT_x005F_xDNSServerAddress\en-US\MSFT_x005F_xDNSServerAddress.strings.psd1|DSCResources\MSFT_x005F_xFirewall\MSFT_x005F_xFirewall.data.psd1|DSCResources\MSFT_x005F_xFirewall\MSFT_x005F_xFirewall.psm1|DSCResources\MSFT_x005F_xFirewall\MSFT_x005F_xFirewall.schema.mof|DSCResources\MSFT_x005F_xFirewall\README.MD|DSCResources\MSFT_x005F_xFirewall\en-US\MSFT_x005F_xFirewall.strings.psd1|DSCResources\MSFT_x005F_xFirewallProfile\MSFT_x005F_xFirewallProfile.data.psd1|DSCResources\MSFT_x005F_xFirewallProfile\MSFT_x005F_xFirewallProfile.psm1|DSCResources\MSFT_x005F_xFirewallProfile\MSFT_x005F_xFirewallProfile.schema.mof|DSCResources\MSFT_x005F_xFirewallProfile\README.MD|DSCResources\MSFT_x005F_xFirewallProfile\en-US\MSFT_x005F_xFirewallProfile.strings.psd1|DSCResources\MSFT_x005F_xHostsFile\MSFT_x005F_xHostsFile.psm1|DSCResources\MSFT_x005F_xHostsFile\MSFT_x005F_xHostsFile.schema.mof|DSCResources\MSFT_x005F_xHostsFile\README.MD|DSCResources\MSFT_x005F_xHostsFile\en-US\MSFT_x005F_xHostsFile.strings.psd1|DSCResources\MSFT_x005F_xIPAddress\MSFT_x005F_xIPAddress.psm1|DSCResources\MSFT_x005F_xIPAddress\MSFT_x005F_xIPAddress.schema.mof|DSCResources\MSFT_x005F_xIPAddress\README.MD|DSCResources\MSFT_x005F_xIPAddress\en-US\MSFT_x005F_xIPAddress.strings.psd1|DSCResources\MSFT_x005F_xIPAddressOption\MSFT_x005F_xIPAddressOption.psm1|DSCResources\MSFT_x005F_xIPAddressOption\MSFT_x005F_xIPAddressOption.schema.mof|DSCResources\MSFT_x005F_xIPAddressOption\README.MD|DSCResources\MSFT_x005F_xIPAddressOption\en-US\MSFT_x005F_xIPAddressOption.strings.psd1|DSCResources\MSFT_x005F_xNetAdapterAdvancedProperty\MSFT_x005F_xNetAdapterAdvancedProperty.psm1|DSCResources\MSFT_x005F_xNetAdapterAdvancedProperty\MSFT_x005F_xNetAdapterAdvancedProperty.schema.mof|DSCResources\MSFT_x005F_xNetAdapterAdvancedProperty\README.MD|DSCResources\MSFT_x005F_xNetAdapterAdvancedProperty\en-US\MSFT_x005F_xNetAdapterAdvancedProperty.strings.psd1|DSCResources\MSFT_x005F_xNetAdapterBinding\MSFT_x005F_xNetAdapterBinding.psm1|DSCResources\MSFT_x005F_xNetAdapterBinding\MSFT_x005F_xNetAdapterBinding.schema.mof|DSCResources\MSFT_x005F_xNetAdapterBinding\README.MD|DSCResources\MSFT_x005F_xNetAdapterBinding\en-US\MSFT_x005F_xNetAdapterBinding.strings.psd1|DSCResources\MSFT_x005F_xNetAdapterLso\MSFT_x005F_xNetAdapterLso.psm1|DSCResources\MSFT_x005F_xNetAdapterLso\MSFT_x005F_xNetAdapterLso.schema.mof|DSCResources\MSFT_x005F_xNetAdapterLso\README.MD|DSCResources\MSFT_x005F_xNetAdapterLso\en-US\MSFT_x005F_xNetAdapterLso.strings.psd1|DSCResources\MSFT_x005F_xNetAdapterName\MSFT_x005F_xNetAdapterName.psm1|DSCResources\MSFT_x005F_xNetAdapterName\MSFT_x005F_xNetAdapterName.schema.mof|DSCResources\MSFT_x005F_xNetAdapterName\README.MD|DSCResources\MSFT_x005F_xNetAdapterName\en-us\MSFT_x005F_xNetAdapterName.strings.psd1|DSCResources\MSFT_x005F_xNetAdapterRDMA\MSFT_x005F_xNetAdapterRDMA.psm1|DSCResources\MSFT_x005F_xNetAdapterRDMA\MSFT_x005F_xNetAdapterRDMA.schema.mof|DSCResources\MSFT_x005F_xNetAdapterRDMA\README.MD|DSCResources\MSFT_x005F_xNetAdapterRDMA\en-US\MSFT_x005F_xNetAdapterRDMA.strings.psd1|DSCResources\MSFT_x005F_xNetAdapterRsc\MSFT_x005F_xNetAdapterRsc.psm1|DSCResources\MSFT_x005F_xNetAdapterRsc\MSFT_x005F_xNetAdapterRSC.schema.mof|DSCResources\MSFT_x005F_xNetAdapterRsc\README.MD|DSCResources\MSFT_x005F_xNetAdapterRsc\en-US\MSFT_x005F_xNetAdapterRsc.strings.psd1|DSCResources\MSFT_x005F_xNetAdapterRss\MSFT_x005F_xNetAdapterRss.psm1|DSCResources\MSFT_x005F_xNetAdapterRss\MSFT_x005F_xNetAdapterRss.schema.mof|DSCResources\MSFT_x005F_xNetAdapterRss\README.MD|DSCResources\MSFT_x005F_xNetAdapterRss\en-US\MSFT_x005F_xNetAdapterRss.strings.psd1|DSCResources\MSFT_x005F_xNetBIOS\MSFT_x005F_xNetBIOS.psm1|DSCResources\MSFT_x005F_xNetBIOS\MSFT_x005F_xNetBIOS.schema.mof|DSCResources\MSFT_x005F_xNetBIOS\README.MD|DSCResources\MSFT_x005F_xNetBIOS\en-US\MSFT_x005F_xNetBIOS.strings.psd1|DSCResources\MSFT_x005F_xNetConnectionProfile\MSFT_x005F_xNetConnectionProfile.psm1|DSCResources\MSFT_x005F_xNetConnectionProfile\MSFT_x005F_xNetConnectionProfile.schema.mof|DSCResources\MSFT_x005F_xNetConnectionProfile\README.MD|DSCResources\MSFT_x005F_xNetConnectionProfile\en-US\MSFT_x005F_xNetConnectionProfile.strings.psd1|DSCResources\MSFT_x005F_xNetworkTeam\MSFT_x005F_xNetworkTeam.psm1|DSCResources\MSFT_x005F_xNetworkTeam\MSFT_x005F_xNetworkTeam.schema.mof|DSCResources\MSFT_x005F_xNetworkTeam\README.MD|DSCResources\MSFT_x005F_xNetworkTeam\en-US\MSFT_x005F_xNetworkTeam.strings.psd1|DSCResources\MSFT_x005F_xNetworkTeamInterface\MSFT_x005F_xNetworkTeamInterface.psm1|DSCResources\MSFT_x005F_xNetworkTeamInterface\MSFT_x005F_xNetworkTeamInterface.schema.mof|DSCResources\MSFT_x005F_xNetworkTeamInterface\README.MD|DSCResources\MSFT_x005F_xNetworkTeamInterface\en-US\MSFT_x005F_xNetworkTeamInterface.strings.psd1|DSCResources\MSFT_x005F_xProxySettings\MSFT_x005F_xProxySettings.psm1|DSCResources\MSFT_x005F_xProxySettings\MSFT_x005F_xProxySettings.schema.mof|DSCResources\MSFT_x005F_xProxySettings\README.md|DSCResources\MSFT_x005F_xProxySettings\en-US\MSFT_x005F_xProxySettings.strings.psd1|DSCResources\MSFT_x005F_xRoute\MSFT_x005F_xRoute.psm1|DSCResources\MSFT_x005F_xRoute\MSFT_x005F_xRoute.schema.mof|DSCResources\MSFT_x005F_xRoute\README.MD|DSCResources\MSFT_x005F_xRoute\en-US\MSFT_x005F_xRoute.strings.psd1|DSCResources\MSFT_x005F_xWeakHostReceive\MSFT_x005F_xWeakHostReceive.psm1|DSCResources\MSFT_x005F_xWeakHostReceive\MSFT_x005F_xWeakHostReceive.schema.mof|DSCResources\MSFT_x005F_xWeakHostReceive\README.MD|DSCResources\MSFT_x005F_xWeakHostReceive\en-US\MSFT_x005F_xWeakHostReceive.strings.psd1|DSCResources\MSFT_x005F_xWeakHostSend\MSFT_x005F_xWeakHostSend.psm1|DSCResources\MSFT_x005F_xWeakHostSend\MSFT_x005F_xWeakHostSend.schema.mof|DSCResources\MSFT_x005F_xWeakHostSend\README.MD|DSCResources\MSFT_x005F_xWeakHostSend\en-US\MSFT_x005F_xWeakHostSend.strings.psd1|DSCResources\MSFT_x005F_xWinsSetting\MSFT_x005F_xWINSSetting.psm1|DSCResources\MSFT_x005F_xWinsSetting\MSFT_x005F_xWINSSetting.schema.mof|DSCResources\MSFT_x005F_xWinsSetting\README.MD|DSCResources\MSFT_x005F_xWinsSetting\en-US\MSFT_x005F_xWINSSetting.strings.psd1|Examples\Resources\xDefaultGatewayAddress\1-RemoveDefaultGateway.ps1|Examples\Resources\xDefaultGatewayAddress\2-SetDefaultGateway.ps1|Examples\Resources\xDhcpClient\1-xDHCPClient_EnableDHCP.ps1|Examples\Resources\xDnsClientGlobalSetting\1-ConfigureSuffixSearchList.ps1|Examples\Resources\xDnsConnectionSuffix\1-AddSpecificSuffix.ps1|Examples\Resources\xDnsServerAddress\1-xDnsServerAddress.ps1|Examples\Resources\xDnsServerAddress\2-xDnsServerAddress_PrimaryAndSecondary.ps1|Examples\Resources\xDnsServerAddress\3-xDnsServerAddress_EnableDHCP.ps1|Examples\Resources\xFirewall\1-xFirewall_AddFirewallRule.ps1|Examples\Resources\xFirewall\2-xFirewall_AddFirewallRule_AllParameters.ps1|Examples\Resources\xFirewall\3-xFirewall_AddFirewallRuleToExistingGroup.ps1|Examples\Resources\xFirewall\4-xFirewall_EnableBuiltInFirewallRule.ps1|Examples\Resources\xFirewallProfile\1-ConfigurePrivateFirewallProfile.ps1|Examples\Resources\xHostsFile\1-AddEntry.ps1|Examples\Resources\xHostsFile\2-RemoveEntry.ps1|Examples\Resources\xIPAddress\1-AddingStaticIP.ps1|Examples\Resources\xIPAddress\2-AddingMultipleStaticIP.ps1|Examples\Resources\xIPAddress\3-AddingStaticIPWithPrefix.ps1|Examples\Resources\xIPAddressOption\1-SetSkipAsSource.ps1|Examples\Resources\xNetAdapterAdvancedProperty\1-JumboPacket.ps1|Examples\Resources\xNetAdapterBinding\1-DisableIPv6.ps1|Examples\Resources\xNetAdapterLso\1-DisableLsoIPv6.ps1|Examples\Resources\xNetAdapterLso\2-DisableLsoIPv4.ps1|Examples\Resources\xNetAdapterName\1-RenameNetAdapterMacAddress.ps1|Examples\Resources\xNetAdapterName\2-RenameNetAdapterDriver.ps1|Examples\Resources\xNetAdapterRDMA\1-DisableRDMASettings.ps1|Examples\Resources\xNetAdapterRDMA\2-EnableRDMASettings.ps1|Examples\Resources\xNetAdapterRsc\1-DisableRscIPv6.ps1|Examples\Resources\xNetAdapterRsc\2-DisableRscIPv4.ps1|Examples\Resources\xNetAdapterRsc\3-DisableRscAll.ps1|Examples\Resources\xNetAdapterRss\1-EnableRss.ps1|Examples\Resources\xNetBIOS\1-DisableNetBIOS.ps1|Examples\Resources\xNetConnectionProfile\1-SetNetConnectionProfile.ps1|Examples\Resources\xNetConnectionProfile\2-SetNetConnectionProfileNetworkCategory.ps1|Examples\Resources\xNetworkTeam\1-AddNetworkTeam.ps1|Examples\Resources\xNetworkTeam\2-RemoveTeam.ps1|Examples\Resources\xNetworkTeamInterface\1-AddInterface.ps1|Examples\Resources\xNetworkTeamInterface\2-RemoveInterface.ps1|Examples\Resources\xProxySettings\1-AutoDetectProxy.ps1|Examples\Resources\xProxySettings\2-AutoConfigurationProxy.ps1|Examples\Resources\xProxySettings\3-ManualProxy.ps1|Examples\Resources\xRoute\1-AddRoute.ps1|Examples\Resources\xWeakHostReceive\1-xConfigureWeakHostReceive.ps1|Examples\Resources\xWeakHostSend\1-xConfigureWeakHostSend.ps1|Examples\Resources\xWinsSetting\1-ConfigureWinsSetting.ps1|Modules\NetworkingDsc.Common\NetworkingDsc.Common.psm1|Modules\NetworkingDsc.Common\en-us\NetworkingDsc.Common.strings.psd1|Modules\NetworkingDsc.ResourceHelper\NetworkingDsc.ResourceHelper.psm1</S>
          <S N="GUID">e6647cc3-ce9c-4c86-9eb8-2ee8919bf358</S>
          <S N="PowerShellVersion">4.0</S>
          <S N="CLRVersion">4.0</S>
          <S N="CompanyName">Microsoft Corporation</S>
        </MS>
      </Obj>
      <S N="InstalledLocation">C:\Users\david\OneDrive - Hart IT, LLC\Documents\PowerShell\Modules\xNetworking\5.7.0.0</S>
    </MS>
  </Obj>
</Objs>
